-- Expanded EcoCampus catalog seed.
--
-- Product names and price ranges were informed by public catalog samples, then
-- rewritten as synthetic campus second-hand listings. IDs 50073-50088 are
-- explicitly fictional meme listings whose local images are tracked by the
-- frontend catalog source manifest. IDs 50001-50088 are reserved here.

start transaction;

insert into items (
	id, seller_id, title, description, category_id, price_cent, status, version, created_at, updated_at
)
values
	(50001, 7, 'Python 编程：从入门到实践（第3版）', '正版教材，封面轻微折痕，内页干净，仅目录有铅笔标记，适合课程入门。', 1, 4200, 'ON_SALE', 0, '2026-07-01 08:00:00.000000', '2026-07-15 20:00:00.000000'),
	(50002, 8, '数据结构 C 语言版 严蔚敏', '课后题部分有重点标注，无缺页，可附赠自整理的章节知识点打印稿。', 1, 2600, 'ON_SALE', 0, '2026-07-02 09:00:00.000000', '2026-07-15 20:00:00.000000'),
	(50003, 9, '线性代数 同济第七版', '上学期课程用书，约九成新，例题页有少量荧光笔，支持思明校区自提。', 1, 1800, 'ON_SALE', 0, '2026-07-03 10:00:00.000000', '2026-07-15 20:00:00.000000'),
	(50004, 10, '概率论与数理统计 浙大第五版', '书角有轻微磨损，内容完整，期末复习常用章节做过标签分类。', 1, 2200, 'ON_SALE', 0, '2026-07-04 11:00:00.000000', '2026-07-15 20:00:00.000000'),
	(50005, 11, '新视野大学英语读写教程 1-4', '四册打包，未填写课后答案，听力码状态不保证，适合复习课文和词汇。', 1, 3600, 'ON_SALE', 0, '2026-07-05 12:00:00.000000', '2026-07-15 20:00:00.000000'),
	(50006, 12, '考研政治核心考案与真题', '2026 备考资料，完成约三分之一，时政部分建议自行补充最新内容。', 1, 2000, 'ON_SALE', 0, '2026-07-06 13:00:00.000000', '2026-07-15 20:00:00.000000'),
	(50007, 13, 'Java 核心技术 卷 I', '机械工业出版社版本，书脊完好，部分代码段有铅笔批注，已擦除个人信息。', 1, 4800, 'ON_SALE', 0, '2026-07-07 14:00:00.000000', '2026-07-15 20:00:00.000000'),
	(50008, 14, '西方经济学 微观与宏观两册', '课程结课闲置，两册内容完整，宏观分册有少量课堂笔记。', 1, 3000, 'SOLD', 0, '2026-07-08 15:00:00.000000', '2026-07-15 20:00:00.000000'),
	(50009, 15, 'iPad Air 4 64G WLAN', '屏幕无明显划痕，电池日常上课够用，配保护壳和第三方充电线，支持当面验机。', 2, 185000, 'ON_SALE', 0, '2026-07-09 16:00:00.000000', '2026-07-15 20:00:00.000000'),
	(50010, 16, 'ThinkPad X1 Carbon 2020', 'i5/16G/512G，键盘和接口正常，A 面有使用痕迹，附原装电源，建议现场验机。', 2, 268000, 'ON_SALE', 0, '2026-07-10 17:00:00.000000', '2026-07-15 20:00:00.000000'),
	(50011, 17, '罗技 K380 蓝牙键盘', '三设备切换正常，按键无连击，已清洁消毒，不含电池。', 2, 8500, 'ON_SALE', 0, '2026-07-11 18:00:00.000000', '2026-07-15 20:00:00.000000'),
	(50012, 18, '小米手环 8 标准版', '屏幕轻微细纹，心率和运动记录正常，附充电线及两个已清洁表带。', 2, 9800, 'ON_SALE', 0, '2026-07-12 19:00:00.000000', '2026-07-15 20:00:00.000000'),
	(50013, 22, 'Kindle Paperwhite 4 8G', '无广告版，背壳有轻微磨损，屏幕显示和触控正常，已退出原账号。', 2, 42000, 'ON_SALE', 0, '2026-07-13 08:00:00.000000', '2026-07-15 20:00:00.000000'),
	(50014, 23, '西部数据 1TB 移动硬盘', 'USB 3.0 接口，已格式化并完成全盘检测，附数据线，不保留任何原文件。', 2, 22000, 'ON_SALE', 0, '2026-07-14 09:00:00.000000', '2026-07-15 20:00:00.000000'),
	(50015, 24, '戴尔 24 寸 IPS 显示器', '1080P，HDMI 接口正常，无明显坏点，底座完整，仅限校内自提。', 2, 38000, 'ON_SALE', 0, '2026-07-01 10:00:00.000000', '2026-07-15 20:00:00.000000'),
	(50016, 101, '八合一 USB-C 扩展坞', '含 HDMI、网口、读卡和 USB 接口，适合笔记本和平板，功能正常。', 2, 7600, 'OFF_SHELF', 0, '2026-07-02 11:00:00.000000', '2026-07-15 20:00:00.000000'),
	(50017, 7, '宿舍人体工学椅 可升降', '网面无破损，升降和后仰正常，扶手有轻微划痕，仅支持楼下自提。', 3, 14500, 'ON_SALE', 0, '2026-07-03 12:00:00.000000', '2026-07-15 20:00:00.000000'),
	(50018, 8, '折叠床上书桌 加宽款', '桌腿稳固，可折叠收纳，桌面有一处小划痕，适合宿舍床上学习。', 3, 3200, 'ON_SALE', 0, '2026-07-04 13:00:00.000000', '2026-07-15 20:00:00.000000'),
	(50019, 9, '宿舍小冰箱 46L', '制冷正常，已断电清洁，无明显异味，体积较大需自行搬运。', 3, 21000, 'ON_SALE', 0, '2026-07-05 14:00:00.000000', '2026-07-15 20:00:00.000000'),
	(50020, 10, '台式循环电风扇', '三档风速和摇头功能正常，网罩已拆洗，电源线完好。', 3, 4800, 'ON_SALE', 0, '2026-07-06 15:00:00.000000', '2026-07-15 20:00:00.000000'),
	(50021, 11, '宿舍遮光床帘 全套', '适配常见 0.9 米床位，含支架和绑带，已清洗晾晒。', 3, 5600, 'ON_SALE', 0, '2026-07-07 16:00:00.000000', '2026-07-15 20:00:00.000000'),
	(50022, 12, '真空压缩收纳袋 8 件套', '其中六个未使用，两个仅测试密封，附手泵，毕业整理宿舍很方便。', 3, 2800, 'ON_SALE', 0, '2026-07-08 17:00:00.000000', '2026-07-15 20:00:00.000000'),
	(50023, 13, '加厚单人床垫 90×190', '使用一学期，带可拆洗外套，已清洁晾晒，仅限同校自提。', 3, 6800, 'ON_SALE', 0, '2026-07-09 18:00:00.000000', '2026-07-15 20:00:00.000000'),
	(50024, 14, '落地衣架 双层带鞋架', '金属框架稳固，可拆装运输，连接处有轻微掉漆。', 3, 4500, 'SOLD', 0, '2026-07-10 19:00:00.000000', '2026-07-15 20:00:00.000000'),
	(50025, 15, '尤尼克斯入门羽毛球拍', '单拍 4U，拍框无裂纹，线床状态正常，附拍套，适合体育课。', 4, 7800, 'ON_SALE', 0, '2026-07-11 08:00:00.000000', '2026-07-15 20:00:00.000000'),
	(50026, 16, '加厚防滑瑜伽垫', '厚度约 8mm，使用次数少，已擦洗消毒，附收纳绑带。', 4, 3600, 'ON_SALE', 0, '2026-07-12 09:00:00.000000', '2026-07-15 20:00:00.000000'),
	(50027, 17, '捷安特入门公路自行车', '变速和刹车正常，车架有使用划痕，建议当面试骑，仅限校内交易。', 4, 98000, 'ON_SALE', 0, '2026-07-13 10:00:00.000000', '2026-07-15 20:00:00.000000'),
	(50028, 18, '成人轮滑鞋 41 码', '轮子转动顺畅，鞋壳无裂纹，附护膝护腕，适合初学。', 4, 6500, 'ON_SALE', 0, '2026-07-14 11:00:00.000000', '2026-07-15 20:00:00.000000'),
	(50029, 22, '耐克 5 号足球', '球面轻微磨损，不漏气，适合操场训练和体育课。', 4, 5200, 'ON_SALE', 0, '2026-07-01 12:00:00.000000', '2026-07-15 20:00:00.000000'),
	(50030, 23, '计数跳绳 可调长度', '电子计数正常，手柄和绳体完整，已清洁。', 4, 1800, 'ON_SALE', 0, '2026-07-02 13:00:00.000000', '2026-07-15 20:00:00.000000'),
	(50031, 24, '可调节哑铃 10kg 一对', '配重片和锁扣齐全，适合宿舍基础训练，重量较大只支持自提。', 4, 8600, 'ON_SALE', 0, '2026-07-03 14:00:00.000000', '2026-07-15 20:00:00.000000'),
	(50032, 101, '双人自动帐篷', '公园露营用过两次，无破损漏雨，含地钉和收纳袋。', 4, 11800, 'OFF_SHELF', 0, '2026-07-04 15:00:00.000000', '2026-07-15 20:00:00.000000'),
	(50033, 7, '316 不锈钢保温杯 500ml', '保温正常，杯盖密封良好，已深度清洁，无异味。', 5, 3200, 'ON_SALE', 0, '2026-07-05 16:00:00.000000', '2026-07-15 20:00:00.000000'),
	(50034, 8, '折叠晴雨伞 加固款', '自动开合正常，伞骨无弯折，伞面有轻微使用痕迹。', 5, 2600, 'ON_SALE', 0, '2026-07-06 17:00:00.000000', '2026-07-15 20:00:00.000000'),
	(50035, 9, '陶瓷餐具四件套', '包含碗、盘、杯和勺，无磕碰，已高温清洗消毒。', 5, 3800, 'ON_SALE', 0, '2026-07-07 18:00:00.000000', '2026-07-15 20:00:00.000000'),
	(50036, 10, 'Tritan 运动水杯 1L', '杯体无裂纹，吸管和密封圈完整，已清洁消毒。', 5, 2400, 'ON_SALE', 0, '2026-07-08 19:00:00.000000', '2026-07-15 20:00:00.000000'),
	(50037, 11, '宿舍电热水壶 1.5L', '自动断电正常，壶内已除垢，电源底座完好。', 5, 4200, 'ON_SALE', 0, '2026-07-09 08:00:00.000000', '2026-07-15 20:00:00.000000'),
	(50038, 12, '手持衣物挂烫机', '出蒸汽正常，水箱无漏水，附量杯，适合宿舍使用。', 5, 5800, 'ON_SALE', 0, '2026-07-10 09:00:00.000000', '2026-07-15 20:00:00.000000'),
	(50039, 13, '电子体重秤', '显示和称重正常，钢化玻璃表面无裂纹，不含电池。', 5, 3500, 'ON_SALE', 0, '2026-07-11 10:00:00.000000', '2026-07-15 20:00:00.000000'),
	(50040, 14, '家用工具箱 20 件套', '螺丝刀、卷尺、钳子等配件齐全，适合宿舍日常维修。', 5, 4600, 'SOLD', 0, '2026-07-12 11:00:00.000000', '2026-07-15 20:00:00.000000'),
	(50041, 15, '未开封防晒霜 SPF50', '正规渠道购入，包装完整未拆封，保质期至 2028 年，可现场查看批号。', 6, 5200, 'ON_SALE', 0, '2026-07-13 12:00:00.000000', '2026-07-15 20:00:00.000000'),
	(50042, 16, '负离子吹风机', '冷热风和两档风速正常，进风口已清洁，不含个人护理附件。', 6, 6800, 'ON_SALE', 0, '2026-07-14 13:00:00.000000', '2026-07-15 20:00:00.000000'),
	(50043, 17, '自动卷发棒 32mm', '加热和温控正常，使用次数少，表面已清洁消毒。', 6, 7200, 'ON_SALE', 0, '2026-07-01 14:00:00.000000', '2026-07-15 20:00:00.000000'),
	(50044, 18, 'LED 化妆镜 三档光', '触控调光正常，镜面无裂痕，附 USB 线。', 6, 4600, 'ON_SALE', 0, '2026-07-02 15:00:00.000000', '2026-07-15 20:00:00.000000'),
	(50045, 22, '未开封洗护旅行套装', '洗发水和护发素均未开封，容量适合旅行，保质期信息可现场确认。', 6, 3000, 'ON_SALE', 0, '2026-07-03 16:00:00.000000', '2026-07-15 20:00:00.000000'),
	(50046, 23, '未开封身体乳两瓶装', '外包装完整，因囤货转让，保质期至 2028 年，不拆卖。', 6, 4800, 'ON_SALE', 0, '2026-07-04 17:00:00.000000', '2026-07-15 20:00:00.000000'),
	(50047, 24, '电动牙刷主机 不含刷头', '主机充电和震动正常，已清洁消毒，买家需自行购买全新刷头。', 6, 5600, 'ON_SALE', 0, '2026-07-05 18:00:00.000000', '2026-07-15 20:00:00.000000'),
	(50048, 101, '桌面化妆品收纳盒', '透明抽屉结构，无破损，已清洁，适合收纳护肤品和小物。', 6, 2600, 'OFF_SHELF', 0, '2026-07-06 19:00:00.000000', '2026-07-15 20:00:00.000000'),
	(50049, 7, '入门民谣吉他 41 寸', '琴颈状态正常，弦距适中，面板有轻微划痕，附琴包和拨片。', 7, 16800, 'ON_SALE', 0, '2026-07-07 08:00:00.000000', '2026-07-15 20:00:00.000000'),
	(50050, 8, '布鲁斯口琴 C 调', '音簧正常，已完成清洁消毒，附原装收纳盒。', 7, 3800, 'ON_SALE', 0, '2026-07-08 09:00:00.000000', '2026-07-15 20:00:00.000000'),
	(50051, 9, '专业彩铅 72 色', '使用约十支，其余基本全新，颜色编号完整，铁盒轻微凹痕。', 7, 5800, 'ON_SALE', 0, '2026-07-09 10:00:00.000000', '2026-07-15 20:00:00.000000'),
	(50052, 10, 'Wacom 入门手绘板', '压感笔和数据线齐全，驱动可官网下载，板面有正常使用划痕。', 7, 12800, 'ON_SALE', 0, '2026-07-10 11:00:00.000000', '2026-07-15 20:00:00.000000'),
	(50053, 11, 'A5 活页手账本套装', '含活页本、分隔页和部分未使用内芯，不含个人书写页。', 7, 2400, 'ON_SALE', 0, '2026-07-11 12:00:00.000000', '2026-07-15 20:00:00.000000'),
	(50054, 12, '双头马克笔 60 色', '约九成余量，颜色编号齐全，附收纳包，适合设计作业。', 7, 5200, 'ON_SALE', 0, '2026-07-12 13:00:00.000000', '2026-07-15 20:00:00.000000'),
	(50055, 13, '课程资料文件夹 10 个', 'A4 规格，透明磨砂材质，已去除原标签，打包出售。', 7, 1800, 'ON_SALE', 0, '2026-07-13 14:00:00.000000', '2026-07-15 20:00:00.000000'),
	(50056, 14, '61 键便携电子琴', '琴键、节拍器和耳机接口正常，附电源和琴谱架，仅限自提。', 7, 22000, 'SOLD', 0, '2026-07-14 15:00:00.000000', '2026-07-15 20:00:00.000000'),
	(50057, 15, '校园电影放映兑换券 2 张', '按票面原价转让，不加价；使用日期、场次和入场规则请买家自行确认。', 8, 3600, 'ON_SALE', 0, '2026-07-01 16:00:00.000000', '2026-07-15 20:00:00.000000'),
	(50058, 16, '话剧演出票 1 张', '临时有事原价转让，座位信息可当面核验；如需实名变更按主办方规则操作。', 8, 12000, 'ON_SALE', 0, '2026-07-02 17:00:00.000000', '2026-07-15 20:00:00.000000'),
	(50059, 17, '学术讲座预约名额', '免费活动，仅转让可变更的预约名额，不收取额外费用，需符合主办方入场要求。', 8, 0, 'ON_SALE', 0, '2026-07-03 18:00:00.000000', '2026-07-15 20:00:00.000000'),
	(50060, 18, '校园足球赛看台票 2 张', '按票面价转让，不拆卖；比赛时间和校内入场要求请提前确认。', 8, 4000, 'ON_SALE', 0, '2026-07-04 19:00:00.000000', '2026-07-15 20:00:00.000000'),
	(50061, 22, 'Livehouse 乐队演出单人票', '原价转让，电子票状态可现场核验，不接受加价和黄牛交易。', 8, 15800, 'ON_SALE', 0, '2026-07-05 08:00:00.000000', '2026-07-15 20:00:00.000000'),
	(50062, 23, '毕业季摄影套餐转让', '转让未使用预约名额，需与商家确认改名和拍摄日期，价格不高于原订单。', 8, 19900, 'ON_SALE', 0, '2026-07-06 09:00:00.000000', '2026-07-15 20:00:00.000000'),
	(50063, 24, '博物馆特展预约票 2 张', '原价转让可改期预约，实名及退改规则以场馆官方说明为准。', 8, 6000, 'ON_SALE', 0, '2026-07-07 10:00:00.000000', '2026-07-15 20:00:00.000000'),
	(50064, 101, '校园音乐节内场票', '已暂停转让，保留作为票务下架状态测试数据。', 8, 22000, 'OFF_SHELF', 0, '2026-07-08 11:00:00.000000', '2026-07-15 20:00:00.000000'),
	(50065, 7, '手作陶瓷小猫摆件', '手工烧制，底部有作者印记，无磕碰，适合书桌装饰。', 9, 3600, 'ON_SALE', 0, '2026-07-09 12:00:00.000000', '2026-07-15 20:00:00.000000'),
	(50066, 8, '动漫角色正版景品', '盒况一般，本体无明显瑕疵，配件齐全，可当面检查版权标识。', 9, 8800, 'ON_SALE', 0, '2026-07-10 13:00:00.000000', '2026-07-15 20:00:00.000000'),
	(50067, 9, '校园纪念钥匙扣 两个', '毕业活动纪念品，未使用，两个打包出售。', 9, 1800, 'ON_SALE', 0, '2026-07-11 14:00:00.000000', '2026-07-15 20:00:00.000000'),
	(50068, 10, '城市风景明信片 20 张', '未书写，含厦门和校园主题，适合手账或寄送。', 9, 2200, 'ON_SALE', 0, '2026-07-12 15:00:00.000000', '2026-07-15 20:00:00.000000'),
	(50069, 11, '向日葵桌面装饰', '仿真花小摆件，底座稳固，无明显褪色。', 9, 2600, 'ON_SALE', 0, '2026-07-13 16:00:00.000000', '2026-07-15 20:00:00.000000'),
	(50070, 12, '校园社团纪念徽章 6 枚', '普通纪念徽章，不含受限制标识，背针完好，整套出售。', 9, 3000, 'ON_SALE', 0, '2026-07-14 17:00:00.000000', '2026-07-15 20:00:00.000000'),
	(50071, 13, '15 寸电脑双肩包', '独立电脑夹层，拉链和肩带正常，底部有轻微使用痕迹。', 9, 6800, 'ON_SALE', 0, '2026-07-01 18:00:00.000000', '2026-07-15 20:00:00.000000'),
	(50072, 14, '春秋防风外套 L 码', '已清洗，拉链和口袋正常，无明显污渍，具体尺寸可当面试穿确认。', 9, 5600, 'SOLD', 0, '2026-07-02 19:00:00.000000', '2026-07-15 20:00:00.000000'),
	(50073, 15, '张雪峰粽子玩偶', '网络梗图同款粽子造型，非官方周边，适合考研宿舍桌面摆放，按图所示出。', 9, 2690, 'ON_SALE', 0, '2026-07-16 18:00:00.000000', '2026-07-16 22:00:00.000000'),
	(50074, 16, '巧乐兹雪碧冰红茶三件套', '宿舍抽象饮料组合展示数据，非品牌官方联名，三件内容以图片和当面确认为准。', 9, 3990, 'ON_SALE', 0, '2026-07-16 18:10:00.000000', '2026-07-16 22:00:00.000000'),
	(50075, 17, '科比同款冰红茶（梗图版）', '按网络梗图命名的冰红茶摆拍商品，非本人代言或官方联名，仅供校园玩梗展示。', 9, 2400, 'ON_SALE', 0, '2026-07-16 18:20:00.000000', '2026-07-16 22:00:00.000000'),
	(50076, 18, '奶龙奶蛙宿舍门神贴', '奶龙奶蛙抽象门贴一对，适合贴在宿舍门内侧，边角有轻微卷曲。', 9, 1600, 'ON_SALE', 0, '2026-07-16 18:30:00.000000', '2026-07-16 22:00:00.000000'),
	(50077, 22, '蔡徐坤打篮球小鸡立牌', '鸡你太美动作梗立牌，非官方周边，底座可拆，放在篮球架或书桌旁都很抽象。', 9, 2800, 'ON_SALE', 0, '2026-07-16 18:40:00.000000', '2026-07-16 22:00:00.000000'),
	(50078, 23, '哈基米宿舍循环播放器', '按键后循环播放哈基米片段的整活小音箱，音量不大，建议不要在熄灯后使用。', 9, 5200, 'ON_SALE', 0, '2026-07-16 18:50:00.000000', '2026-07-16 22:00:00.000000'),
	(50079, 24, '尊嘟假嘟粉色小熊抱枕', '粉色小熊表情包造型抱枕，非官方联名，已清洗，适合宿舍椅背。', 9, 3600, 'ON_SALE', 0, '2026-07-16 19:00:00.000000', '2026-07-16 22:00:00.000000'),
	(50080, 101, '退退退宿舍驱邪门贴', '经典退退退表情包门贴，考试周和答辩周均可使用，背胶仍可粘贴。', 9, 900, 'ON_SALE', 0, '2026-07-16 19:10:00.000000', '2026-07-16 22:00:00.000000'),
	(50081, 7, '乌萨奇发疯桌面摆件', '乌萨奇发疯表情桌面摆件，非官方周边，适合放在论文和作业旁边提供精神状态说明。', 9, 3200, 'ON_SALE', 0, '2026-07-16 19:20:00.000000', '2026-07-16 22:00:00.000000'),
	(50082, 8, '派大星你知不知道鼠标垫', '派大星经典发问梗鼠标垫，表面轻微使用痕迹，不影响继续灵魂拷问。', 9, 2200, 'ON_SALE', 0, '2026-07-16 19:30:00.000000', '2026-07-16 22:00:00.000000'),
	(50083, 9, '先天圣体大学生发疯立牌', '大学生期末精神状态立牌，适合图书馆占座提醒，非正式校园用品。', 9, 1800, 'ON_SALE', 0, '2026-07-16 19:40:00.000000', '2026-07-16 22:00:00.000000'),
	(50084, 10, '曼波小猫午夜循环钥匙扣', '会发出短促曼波音效的小猫钥匙扣，电池尚有余量，公共区域请谨慎按键。', 9, 2600, 'ON_SALE', 0, '2026-07-16 19:50:00.000000', '2026-07-16 22:00:00.000000'),
	(50085, 11, '香蕉猫悲伤充电宝', '香蕉猫外壳充电宝，容量标称 5000mAh，实际续航建议当面测试。', 9, 4800, 'ON_SALE', 0, '2026-07-16 20:00:00.000000', '2026-07-16 22:00:00.000000'),
	(50086, 12, '悲伤蛙期末复习抱枕', '悲伤蛙图案抱枕，适合期末周趴桌使用，已清洗晾晒。', 9, 3400, 'ON_SALE', 0, '2026-07-16 20:10:00.000000', '2026-07-16 22:00:00.000000'),
	(50087, 13, '吉吉国王红温桌面摆件', '吉吉国王红温形态摆件，非官方周边，适合在代码报错时放在显示器旁。', 9, 3900, 'ON_SALE', 0, '2026-07-16 20:20:00.000000', '2026-07-16 22:00:00.000000'),
	(50088, 14, '无语菩萨答辩护身符', '无语菩萨梗图护身符，适合答辩、汇报和小组作业现场，纯属精神安慰。', 9, 1200, 'ON_SALE', 0, '2026-07-16 20:30:00.000000', '2026-07-16 22:00:00.000000')
on duplicate key update
	seller_id = values(seller_id),
	title = values(title),
	description = values(description),
	category_id = values(category_id),
	price_cent = values(price_cent),
	status = values(status),
	updated_at = values(updated_at);

delete from item_delivery_modes
where item_id between 50001 and 50088;

insert into item_delivery_modes (item_id, delivery_mode)
values
	(50001, 'SELF_PICKUP'),
	(50001, 'DELIVER_TO_SCHOOL'),
	(50002, 'DELIVER_TO_SCHOOL'),
	(50003, 'SELF_PICKUP'),
	(50004, 'SELF_PICKUP'),
	(50005, 'DELIVER_TO_SCHOOL'),
	(50006, 'SELF_PICKUP'),
	(50006, 'DELIVER_TO_SCHOOL'),
	(50007, 'SELF_PICKUP'),
	(50008, 'DELIVER_TO_SCHOOL'),
	(50009, 'SELF_PICKUP'),
	(50010, 'SELF_PICKUP'),
	(50011, 'DELIVER_TO_SCHOOL'),
	(50012, 'SELF_PICKUP'),
	(50013, 'SELF_PICKUP'),
	(50014, 'DELIVER_TO_SCHOOL'),
	(50015, 'SELF_PICKUP'),
	(50016, 'SELF_PICKUP'),
	(50016, 'DELIVER_TO_SCHOOL'),
	(50017, 'DELIVER_TO_SCHOOL'),
	(50018, 'SELF_PICKUP'),
	(50019, 'SELF_PICKUP'),
	(50020, 'DELIVER_TO_SCHOOL'),
	(50021, 'SELF_PICKUP'),
	(50021, 'DELIVER_TO_SCHOOL'),
	(50022, 'SELF_PICKUP'),
	(50023, 'DELIVER_TO_SCHOOL'),
	(50024, 'SELF_PICKUP'),
	(50025, 'SELF_PICKUP'),
	(50026, 'DELIVER_TO_SCHOOL'),
	(50027, 'SELF_PICKUP'),
	(50028, 'SELF_PICKUP'),
	(50029, 'DELIVER_TO_SCHOOL'),
	(50030, 'SELF_PICKUP'),
	(50031, 'SELF_PICKUP'),
	(50031, 'DELIVER_TO_SCHOOL'),
	(50032, 'DELIVER_TO_SCHOOL'),
	(50033, 'SELF_PICKUP'),
	(50034, 'SELF_PICKUP'),
	(50035, 'DELIVER_TO_SCHOOL'),
	(50036, 'SELF_PICKUP'),
	(50036, 'DELIVER_TO_SCHOOL'),
	(50037, 'SELF_PICKUP'),
	(50038, 'DELIVER_TO_SCHOOL'),
	(50039, 'SELF_PICKUP'),
	(50040, 'SELF_PICKUP'),
	(50041, 'DELIVER_TO_SCHOOL'),
	(50042, 'SELF_PICKUP'),
	(50043, 'SELF_PICKUP'),
	(50044, 'DELIVER_TO_SCHOOL'),
	(50045, 'SELF_PICKUP'),
	(50046, 'SELF_PICKUP'),
	(50046, 'DELIVER_TO_SCHOOL'),
	(50047, 'DELIVER_TO_SCHOOL'),
	(50048, 'SELF_PICKUP'),
	(50049, 'SELF_PICKUP'),
	(50050, 'DELIVER_TO_SCHOOL'),
	(50051, 'SELF_PICKUP'),
	(50051, 'DELIVER_TO_SCHOOL'),
	(50052, 'SELF_PICKUP'),
	(50053, 'DELIVER_TO_SCHOOL'),
	(50054, 'SELF_PICKUP'),
	(50055, 'SELF_PICKUP'),
	(50056, 'DELIVER_TO_SCHOOL'),
	(50057, 'SELF_PICKUP'),
	(50058, 'SELF_PICKUP'),
	(50059, 'DELIVER_TO_SCHOOL'),
	(50060, 'SELF_PICKUP'),
	(50061, 'SELF_PICKUP'),
	(50061, 'DELIVER_TO_SCHOOL'),
	(50062, 'DELIVER_TO_SCHOOL'),
	(50063, 'SELF_PICKUP'),
	(50064, 'SELF_PICKUP'),
	(50065, 'DELIVER_TO_SCHOOL'),
	(50066, 'SELF_PICKUP'),
	(50066, 'DELIVER_TO_SCHOOL'),
	(50067, 'SELF_PICKUP'),
	(50068, 'DELIVER_TO_SCHOOL'),
	(50069, 'SELF_PICKUP'),
	(50070, 'SELF_PICKUP'),
	(50071, 'DELIVER_TO_SCHOOL'),
	(50072, 'SELF_PICKUP'),
	(50073, 'SELF_PICKUP'),
	(50074, 'SELF_PICKUP'),
	(50074, 'DELIVER_TO_SCHOOL'),
	(50075, 'DELIVER_TO_SCHOOL'),
	(50076, 'SELF_PICKUP'),
	(50077, 'SELF_PICKUP'),
	(50078, 'SELF_PICKUP'),
	(50078, 'DELIVER_TO_SCHOOL'),
	(50079, 'DELIVER_TO_SCHOOL'),
	(50080, 'SELF_PICKUP'),
	(50081, 'SELF_PICKUP'),
	(50082, 'DELIVER_TO_SCHOOL'),
	(50083, 'SELF_PICKUP'),
	(50084, 'DELIVER_TO_SCHOOL'),
	(50085, 'SELF_PICKUP'),
	(50086, 'DELIVER_TO_SCHOOL'),
	(50087, 'SELF_PICKUP'),
	(50088, 'SELF_PICKUP'),
	(50088, 'DELIVER_TO_SCHOOL');

delete from item_images
where item_id between 50001 and 50088;

insert into item_images (item_id, sort_order, image_url)
values
	(50001, 0, '/catalog/50001.webp'),
	(50002, 0, '/catalog/50002.webp'),
	(50003, 0, '/catalog/50003.webp'),
	(50004, 0, '/catalog/50004.webp'),
	(50005, 0, '/catalog/50005.webp'),
	(50006, 0, '/catalog/50006.webp'),
	(50007, 0, '/catalog/50007.webp'),
	(50008, 0, '/catalog/50008.webp'),
	(50009, 0, '/catalog/50009.webp'),
	(50010, 0, '/catalog/50010.webp'),
	(50011, 0, '/catalog/50011.webp'),
	(50012, 0, '/catalog/50012.webp'),
	(50013, 0, '/catalog/50013.webp'),
	(50014, 0, '/catalog/50014.webp'),
	(50015, 0, '/catalog/50015.webp'),
	(50016, 0, '/catalog/50016.webp'),
	(50017, 0, '/catalog/50017.webp'),
	(50018, 0, '/catalog/50018.webp'),
	(50019, 0, '/catalog/50019.webp'),
	(50020, 0, '/catalog/50020.webp'),
	(50021, 0, '/catalog/50021.webp'),
	(50022, 0, '/catalog/50022.webp'),
	(50023, 0, '/catalog/50023.webp'),
	(50024, 0, '/catalog/50024.webp'),
	(50025, 0, '/catalog/50025.webp'),
	(50026, 0, '/catalog/50026.webp'),
	(50027, 0, '/catalog/50027.webp'),
	(50028, 0, '/catalog/50028.webp'),
	(50029, 0, '/catalog/50029.webp'),
	(50030, 0, '/catalog/50030.webp'),
	(50031, 0, '/catalog/50031.webp'),
	(50032, 0, '/catalog/50032.webp'),
	(50033, 0, '/catalog/50033.webp'),
	(50034, 0, '/catalog/50034.webp'),
	(50035, 0, '/catalog/50035.webp'),
	(50036, 0, '/catalog/50036.webp'),
	(50037, 0, '/catalog/50037.webp'),
	(50038, 0, '/catalog/50038.webp'),
	(50039, 0, '/catalog/50039.webp'),
	(50040, 0, '/catalog/50040.webp'),
	(50041, 0, '/catalog/50041.webp'),
	(50042, 0, '/catalog/50042.webp'),
	(50043, 0, '/catalog/50043.webp'),
	(50044, 0, '/catalog/50044.webp'),
	(50045, 0, '/catalog/50045.webp'),
	(50046, 0, '/catalog/50046.webp'),
	(50047, 0, '/catalog/50047.webp'),
	(50048, 0, '/catalog/50048.webp'),
	(50049, 0, '/catalog/50049.webp'),
	(50050, 0, '/catalog/50050.webp'),
	(50051, 0, '/catalog/50051.webp'),
	(50052, 0, '/catalog/50052.webp'),
	(50053, 0, '/catalog/50053.webp'),
	(50054, 0, '/catalog/50054.webp'),
	(50055, 0, '/catalog/50055.webp'),
	(50056, 0, '/catalog/50056.webp'),
	(50057, 0, '/catalog/50057.webp'),
	(50058, 0, '/catalog/50058.webp'),
	(50059, 0, '/catalog/50059.webp'),
	(50060, 0, '/catalog/50060.webp'),
	(50061, 0, '/catalog/50061.webp'),
	(50062, 0, '/catalog/50062.webp'),
	(50063, 0, '/catalog/50063.webp'),
	(50064, 0, '/catalog/50064.webp'),
	(50065, 0, '/catalog/50065.webp'),
	(50066, 0, '/catalog/50066.webp'),
	(50067, 0, '/catalog/50067.webp'),
	(50068, 0, '/catalog/50068.webp'),
	(50069, 0, '/catalog/50069.webp'),
	(50070, 0, '/catalog/50070.webp'),
	(50071, 0, '/catalog/50071.webp'),
	(50072, 0, '/catalog/50072.webp'),
	(50073, 0, '/catalog/50073.webp'),
	(50074, 0, '/catalog/50074.webp'),
	(50075, 0, '/catalog/50075.webp'),
	(50076, 0, '/catalog/50076.webp'),
	(50077, 0, '/catalog/50077.webp'),
	(50078, 0, '/catalog/50078.webp'),
	(50079, 0, '/catalog/50079.webp'),
	(50080, 0, '/catalog/50080.webp'),
	(50081, 0, '/catalog/50081.webp'),
	(50082, 0, '/catalog/50082.webp'),
	(50083, 0, '/catalog/50083.webp'),
	(50084, 0, '/catalog/50084.webp'),
	(50085, 0, '/catalog/50085.webp'),
	(50086, 0, '/catalog/50086.webp'),
	(50087, 0, '/catalog/50087.webp'),
	(50088, 0, '/catalog/50088.webp');

commit;
